Date,Title,ASIN,Marketplace,Units
2026-04,Rozmowa poprzez dotyk: GaSa – masaż relaksacyjny psów,8394291341,Amazon.pl,2
2026-03,Rozmowa poprzez dotyk: GaSa – masaż relaksacyjny kotów,8394291333,Amazon.com,1
2026-03,Rozmowa poprzez dotyk: GaSa – masaż relaksacyjny psów,8394291341,Amazon.com,1
2026-03,Rozmowa poprzez dotyk: GaSa – masaż relaksacyjny psów,8394291341,Amazon.pl,2
2026-02,Rozmowa poprzez dotyk: GaSa – masaż relaksacyjny kotów,8394291333,Amazon.pl,2
2026-02,Rozmowa poprzez dotyk: GaSa – masaż relaksacyjny psów,8394291341,Amazon.pl,2
2026-01,Talking Through Touch: GaSa—Relaxation Massage for Dogs,8394291368,Amazon.co.uk,1
2026-01,Rozmowa poprzez dotyk: GaSa – masaż relaksacyjny psów,8394291341,Amazon.pl,2
2025-12,Talking Through Touch: GaSa—Relaxation Massage for Dogs,8394291368,Amazon.co.uk,1
2025-12,Rozmowa poprzez dotyk: GaSa – masaż relaksacyjny kotów,8394291333,Amazon.pl,1
2025-12,Rozmowa poprzez dotyk: GaSa – masaż relaksacyjny psów,8394291341,Amazon.pl,3
2025-11,Rozmowa poprzez dotyk: GaSa – masaż relaksacyjny psów,8394291341,Amazon.pl,2
2025-10,Rozmowa poprzez dotyk: GaSa – masaż relaksacyjny kotów,8394291333,Amazon.pl,1
2025-10,Rozmowa poprzez dotyk: GaSa – masaż relaksacyjny psów,8394291341,Amazon.pl,5
2025-09,Rozmowa poprzez dotyk: GaSa – masaż relaksacyjny kotów,8394291333,Amazon.pl,1
2025-09,Rozmowa poprzez dotyk: GaSa – masaż relaksacyjny psów,8394291341,Amazon.nl,1
2025-09,Rozmowa poprzez dotyk: GaSa – masaż relaksacyjny psów,8394291341,Amazon.pl,4
2025-08,Rozmowa poprzez dotyk: GaSa – masaż relaksacyjny kotów,8394291333,Amazon.pl,1
2025-08,Rozmowa poprzez dotyk: GaSa – masaż relaksacyjny psów,8394291341,Amazon.pl,4
2025-07,Rozmowa poprzez dotyk: GaSa – masaż relaksacyjny psów,8394291341,Amazon.pl,5
2025-06,Talking Through Touch: GaSa—Relaxation Massage for Dogs,8394291368,Amazon.com,1
2025-06,Rozmowa poprzez dotyk: GaSa – masaż relaksacyjny psów,8394291341,Amazon.pl,7
2025-05,Rozmowa poprzez dotyk: GaSa – masaż relaksacyjny kotów,8394291333,Amazon.pl,1
2025-05,Rozmowa poprzez dotyk: GaSa – masaż relaksacyjny psów,8394291341,Amazon.pl,1
2025-04,Rozmowa poprzez dotyk: GaSa – masaż relaksacyjny kotów,8394291333,Amazon.pl,1
2025-04,Rozmowa poprzez dotyk: GaSa – masaż relaksacyjny psów,8394291341,Amazon.pl,1
2025-03,Rozmowa poprzez dotyk: GaSa – masaż relaksacyjny psów,8394291341,Amazon.pl,3
2025-02,Rozmowa poprzez dotyk: GaSa – masaż relaksacyjny psów,8394291341,Amazon.pl,10
2025-01,Rozmowa poprzez dotyk: GaSa – masaż relaksacyjny psów,8394291341,Amazon.pl,5
2024-12,Rozmowa poprzez dotyk: GaSa – masaż relaksacyjny kotów,8394291333,Amazon.pl,1
2024-12,Rozmowa poprzez dotyk: GaSa – masaż relaksacyjny psów,8394291341,Amazon.pl,9
2024-11,Rozmowa poprzez dotyk: GaSa – masaż relaksacyjny psów,8394291341,Amazon.pl,5
2024-08,Talking Through Touch: GaSa—Relaxation Massage for Dogs,8394291368,Amazon.com,2
2024-07,Talking Through Touch: GaSa—Relaxation Massage for Dogs,8394291368,Amazon.com,1
2024-07,Talking Through Touch: GaSa—Relaxation Massage for Dogs,8394291368,Amazon.co.uk,1
2024-05,Talking Through Touch: GaSa—Relaxation Massage for Dogs,8394291368,Amazon.co.uk,1
2024-04,Talking Through Touch: GaSa—Relaxation Massage for Dogs,8394291368,Amazon.co.uk,1
2024-03,Talking Through Touch: GaSa—Relaxation Massage for Dogs,8394291368,Amazon.co.uk,1
2024-01,Talking Through Touch: GaSa—Relaxation Massage for Dogs,8394291368,Amazon.de,1
2024-01,Talking Through Touch: GaSa—Relaxation Massage for Dogs,8394291368,Amazon.com,1
2024-01,Talking Through Touch: GaSa—Relaxation Massage for Dogs,8394291368,Amazon.pl,1
2023-12,Talking Through Touch: GaSa—Relaxation Massage for Dogs,8394291368,Amazon.ca,1
2023-12,Talking Through Touch: GaSa—Relaxation Massage for Dogs,8394291368,Amazon.fr,1
2023-12,Talking Through Touch: GaSa—Relaxation Massage for Dogs,8394291368,Amazon.co.uk,1
